text,label
ects of student life. He was not univers,1
"ing and good company. After a term, he w",1
es and postgraduates. Here he encountere,1
he Foreign Secretary. This post gave Bur,1
"s Soviet controllers. In 1950, he was ap",1
epeated misbehaviour. Although not at th,1
 and empty existence. He remained unrepe,1
 represented treason. He was well provid,1
 and he died in 1963. Experts have found,1
ormation he provided. Burgess's life has,1
of tumor progression. The 3D in vitro tu,1
 of the tumor milieu. In the current stu,1
" for 4,7 and 14 days. For 14 day old cul",1
gulated respectively. Further KEGG pathw,1
"nd TGF-beta pathways. Thus, our approach",1
"een fully understood. In this study, a g",1
 of Mycobacterium sp. strain A1-PYR tran,1
(PHE)) was conducted. Comparative result,1
 in the PYR-only one. These enzymes cons,1
ome of strain A1-PYR. The roles of diffe,1
enome of this strain. NidAB and PdoA2B2 ,1
tion of 3-oxoadipate. Novel genes associ,1
iles and PYR removal. The results showed,1
oxidative activities. This study provide,1
loyee Guy Guillemard.From wild rumors th,1
"ttle-known backstory. Now, thanks to a m",1
nsure its protection.Watch the video abo,1
ted it all for Dubai.To discover more ab,1
h the timeline below.It's one of the mos,1
eeps the doctor away. But according to a,1
"healthy older adults. Instead, it may ca",1
se them serious harm.The primary study w,1
 for clinical trials. Researchers at Mon,1
h a median age of 74. All of the partici,1
e responsible for EE. Here we report fou,1
the Epi4K consortium. Epilepsy of variab,1
 to 3.5 years of age. All patients had d,1
 brain abnormalities. The phenotypic var,1
rity of the epilepsy. One patient presen,1
" expression of TRIM8. Interestingly, all",1
nus section of TRIM8. This collaborative,1
h nephrotic syndrome. This report brings,1
ltiple organ systems. Patients with atyp,1
"recessive conditions. Importantly, a dua",1
d impacts management. We previously repo,1
t our center of 0.9%. The range of dual ,1
ounds and 1.9 blocks. His field-goal per,1
" percentage was 52.4.In recent years, ho",1
the 2009-2010 season. He suffered a stre,1
ying only five games.Yao has been underg,1
ould make a comeback.The 30-year-old sai,1
" time in the country. Sure, everybody kn",1
osite representation. In an image recogn,1
"mage contains a face. Importantly, a dee",1
"ich level on its own. (Of course, this d",1
cy in representation.Deep learning algor,1
vised learning tasks. This is an importa,1
nt than labeled data. Examples of deep s,1
ility of the network. The extra layers h,1
"rgeries, she said.Dr. Frank Larkin, seni",0
"preventable, said Dr. John Dart, a consu",0
und an average of 50.3 cases of Acantham,0
"rom an average of 18.5 in prior years, b",0
"its successor, the U.S. Coast Guard, as ",0
response to the bug ... such that if yog,0
esponse to the bug ... such that if yogu,0
sponse to the bug ... such that if yogur,0
n aged 2 months to 3.5 years of age. All,0
emely rare disorders.22q11.2 deletion sy,0
rare disorders.22q11.2 deletion syndrome,0
" patients with 22q11.2DS and: SCID, Tris",0
"nd disease, and 1q21.1 deletion, resulti",0
s at our center of 0.9%. The range of du,0
"cross generations, i.e. from grandparent",0
"oss generations, i.e. from grandparents ",0
es were present in 1.0% (31 of 3254) of ,0
"rage of 19 points, 9.2 rebounds and 1.9 ",0
", 9.2 rebounds and 1.9 blocks. His field",0
"al percentage was 52.4.In recent years, ",0
eated by Stanford Ph.D. students Larry P,0
ted by Stanford Ph.D. students Larry Pag,0
"wers, a light blue T.G.I. Friday's resta",0
"rs, a light blue T.G.I. Friday's restaur",0
", a light blue T.G.I. Friday's restauran",0
ite TripAdvisor (www.tripadvisor.co.uk) ,0
sor (www.tripadvisor.co.uk) has provided,0
 (www.tripadvisor.co.uk) has provided it,0
ers.The Old Harbor U.S. Life Saving Stat,0
0-to-12-foot-high (3.0–3.7 m) dunes. By ,0
r the influence of J. H. Thompson and th,0
"Jan. 4, 2007 12:01 a.m. ET. Nuclear weap",0
"r a week.Updated Jan. 4, 2007 12:01 a.m.",0
t Chinese history.Ms.Wu hasn’t been fee,0
